Symbol,Name,Price,Price Change,% Chg,Volume,Avg Volume,Relative Volume,Market Cap,Div Yield %,P/E Ratio,14-Day RSI,IV30,IV % Rank,1-Day Volatility,20-Day Volatility,1-Year Volatility,MA Technical Signal,CBOE Weeklys,Options Cadence,Country,Has Options,Stock Idea,Recommended Strategy,Notes,Source,Updated At
AMD,Advanced Micro Devices,$608.10,-12.58,-2.03%,12563744,24763715,0.5073,991.4 B,0.0,158.3367,58.86,53.15,0.31,44.27,52.14,64.31,Uptrend,Yes (CBOE),Daily / Multi-Weekly,United States of America,Yes,Momentum Stocks,BULL_PUT_SPREAD,RSI: 58.86 | IV30: 53.15% | Cadence: Daily / Multi-Weekly | MktCap: 991.4 B | Signal: Uptrend,marketchameleon,2026-10-09T21:45:55.036529+00:00
PANW,Palo Alto Networks,$418.78,+20.28,+5.09%,3345893,6704442,0.4991,342.6 B,0.0,996.25,63.88,48.12,0.59,62.12,49.13,45.73,Uptrend,Yes (CBOE),Weekly,United States of America,Yes,Momentum Stocks,BULL_PUT_SPREAD,RSI: 63.88 | IV30: 48.12% | Cadence: Weekly | MktCap: 342.6 B | Signal: Uptrend,marketchameleon,2026-10-09T21:45:55.036767+00:00
CRWD,Crowdstrike Holdings - Class A,$275.04,+12.03,+4.57%,6504141,7913942,0.8219,281.6 B,0.0,7013.6,67.27,48.31,0.38,51.41,55.01,51.99,Uptrend,Yes (CBOE),Weekly,United States of America,Yes,Momentum Stocks,BULL_PUT_SPREAD,RSI: 67.27 | IV30: 48.31% | Cadence: Weekly | MktCap: 281.6 B | Signal: Uptrend,marketchameleon,2026-10-09T21:45:55.036896+00:00
ANET,Arista Networks,$216.74,+5.77,+2.73%,3876430,6559829,0.5909,272.9 B,0.0,66.7627,65.17,53.02,0.5,35.37,40.99,52.91,Uptrend,Yes (CBOE),Weekly,United States of America,Yes,Momentum Stocks,BULL_PUT_SPREAD,RSI: 65.17 | IV30: 53.02% | Cadence: Weekly | MktCap: 272.9 B | Signal: Uptrend,marketchameleon,2026-10-09T21:45:55.037013+00:00
NET,Cloudflare Class A,$360.93,+19.04,+5.57%,2215428,3338854,0.6635,128.1 B,0.0,0.0,62.55,68.21,0.71,66.1,53.28,60.16,Uptrend,Yes (CBOE),Weekly,United States of America,Yes,Momentum Stocks,BULL_PUT_SPREAD,RSI: 62.55 | IV30: 68.21% | Cadence: Weekly | MktCap: 128.1 B | Signal: Uptrend,marketchameleon,2026-10-09T21:45:55.037135+00:00
NTRA,Natera,$400.71,+9.92,+2.54%,974693,1439032,0.6773,57.8 B,0.0,0.0,62.97,54.04,0.66,36.01,51.03,45.22,Uptrend,No,Monthly Only,United States of America,Yes,Momentum Stocks,BULL_PUT_SPREAD,RSI: 62.97 | IV30: 54.04% | Cadence: Monthly Only | MktCap: 57.8 B | Signal: Uptrend,marketchameleon,2026-10-09T21:45:55.037259+00:00
TWLO,Twilio Class A,$289.47,+13.70,+4.97%,2356526,2588870,0.9103,43.9 B,0.0,38.0898,61.01,77.1,0.9,63.16,62.7,51.38,Uptrend,Yes (CBOE),Weekly,United States of America,Yes,Momentum Stocks,BULL_PUT_SPREAD,RSI: 61.01 | IV30: 77.1% | Cadence: Weekly | MktCap: 43.9 B | Signal: Uptrend,marketchameleon,2026-10-09T21:45:55.037372+00:00
ILMN,Illumina,$278.17,+13.60,+5.14%,1784434,2408915,0.7408,42.5 B,0.0,49.3601,64.39,57.81,0.96,61.36,59.26,43.94,Uptrend,No,Monthly Only,United States of America,Yes,Momentum Stocks,BULL_PUT_SPREAD,RSI: 64.39 | IV30: 57.81% | Cadence: Monthly Only | MktCap: 42.5 B | Signal: Uptrend,marketchameleon,2026-10-09T21:45:55.037475+00:00
WCC,Wesco International,$365.69,+9.76,+2.74%,791537,568639,1.392,17.8 B,0.55,24.6148,53.68,43.62,0.62,45.98,37.27,42.7,Uptrend,No,Monthly Only,United States of America,Yes,Momentum Stocks,BULL_PUT_SPREAD,RSI: 53.68 | IV30: 43.62% | Cadence: Monthly Only | MktCap: 17.8 B | Signal: Uptrend,marketchameleon,2026-10-09T21:45:55.037592+00:00
SMTC,Semtech,$187.30,-0.19,-0.10%,2339959,3209385,0.7291,17.5 B,0.0,124.1324,60.68,73.36,0.44,107.2,70.76,81.75,Uptrend,Yes (CBOE),Weekly,United States of America,Yes,Momentum Stocks,BULL_PUT_SPREAD,RSI: 60.68 | IV30: 73.36% | Cadence: Weekly | MktCap: 17.5 B | Signal: Uptrend,marketchameleon,2026-10-09T21:45:55.037704+00:00
ARW,Arrow Electronics,$227.90,+1.15,+0.51%,292165,548685,0.5325,11.6 B,0.0,14.4888,53.68,42.25,0.83,39.13,39.0,36.82,Uptrend,No,Monthly Only,United States of America,Yes,Momentum Stocks,BULL_PUT_SPREAD,RSI: 53.68 | IV30: 42.25% | Cadence: Monthly Only | MktCap: 11.6 B | Signal: Uptrend,marketchameleon,2026-10-09T21:45:55.037808+00:00
PBF,PBF Energy Class A,$84.27,-5.07,-5.67%,3091234,3038256,1.0174,10.0 B,1.31,7.83,61.87,68.16,0.54,73.06,71.51,68.46,Uptrend,No,Monthly Only,United States of America,Yes,Momentum Stocks,BULL_PUT_SPREAD,RSI: 61.87 | IV30: 68.16% | Cadence: Monthly Only | MktCap: 10.0 B | Signal: Uptrend,marketchameleon,2026-10-09T21:45:55.037930+00:00
S,Sentinelone Class A,$26.27,+0.87,+3.43%,6912953,7296661,0.9474,9.1 B,0.0,0.0,68.91,46.84,0.22,39.56,53.83,50.13,Uptrend,Yes (CBOE),Weekly,United States of America,Yes,Momentum Stocks,BULL_PUT_SPREAD,RSI: 68.91 | IV30: 46.84% | Cadence: Weekly | MktCap: 9.1 B | Signal: Uptrend,marketchameleon,2026-10-09T21:45:55.038030+00:00
HNGE,Hinge Health Class A,$102.90,+4.90,+5.00%,1613137,1909319,0.8449,8.0 B,0.0,11.9221,69.43,53.87,0.24,66.09,44.48,53.72,Uptrend,No,Monthly Only,United States of America,Yes,Momentum Stocks,BULL_PUT_SPREAD,RSI: 69.43 | IV30: 53.87% | Cadence: Monthly Only | MktCap: 8.0 B | Signal: Uptrend,marketchameleon,2026-10-09T21:45:55.038128+00:00
CVLT,Commvault Systems,$157.25,+6.25,+4.14%,413279,659026,0.6271,6.5 B,0.0,96.7276,64.24,50.76,0.69,49.41,43.8,44.66,Uptrend,No,Monthly Only,United States of America,Yes,Momentum Stocks,BULL_PUT_SPREAD,RSI: 64.24 | IV30: 50.76% | Cadence: Monthly Only | MktCap: 6.5 B | Signal: Uptrend,marketchameleon,2026-10-09T21:45:55.038230+00:00
XMTR,Xometry - Class A,$111.07,+4.59,+4.31%,471291,771115,0.6112,6.1 B,0.0,0.0,65.65,81.02,0.71,50.02,58.58,67.98,Uptrend,No,Monthly Only,United States of America,Yes,Momentum Stocks,BULL_PUT_SPREAD,RSI: 65.65 | IV30: 81.02% | Cadence: Monthly Only | MktCap: 6.1 B | Signal: Uptrend,marketchameleon,2026-10-09T21:45:55.038346+00:00
MTRN,Materion,$280.45,+3.34,+1.21%,213969,338466,0.6322,5.8 B,0.21,64.5944,56.54,55.55,0.92,56.81,57.89,53.42,Uptrend,No,Monthly Only,United States of America,Yes,Momentum Stocks,BULL_PUT_SPREAD,RSI: 56.54 | IV30: 55.55% | Cadence: Monthly Only | MktCap: 5.8 B | Signal: Uptrend,marketchameleon,2026-10-09T21:45:55.038497+00:00
PI,Impinj,$189.63,+6.18,+3.37%,222603,400697,0.5555,5.8 B,0.0,0.0,60.86,67.29,0.33,37.72,44.07,67.9,Uptrend,No,Monthly Only,United States of America,Yes,Momentum Stocks,BULL_PUT_SPREAD,RSI: 60.86 | IV30: 67.29% | Cadence: Monthly Only | MktCap: 5.8 B | Signal: Uptrend,marketchameleon,2026-10-09T21:45:55.038597+00:00
VRNS,Varonis Systems,$50.12,+1.24,+2.54%,1128266,1835529,0.6147,5.8 B,0.0,0.0,64.93,53.18,0.38,30.3,43.17,53.87,Uptrend,No,Monthly Only,United States of America,Yes,Momentum Stocks,BULL_PUT_SPREAD,RSI: 64.93 | IV30: 53.18% | Cadence: Monthly Only | MktCap: 5.8 B | Signal: Uptrend,marketchameleon,2026-10-09T21:45:55.038689+00:00
MANE,Veradermics,$130.90,+4.27,+3.37%,1052498,724050,1.4536,5.5 B,0.0,0.0,67.76,115.75,0.98,82.18,70.34,84.31,Uptrend,No,Monthly Only,United States of America,Yes,Momentum Stocks,BULL_PUT_SPREAD,RSI: 67.76 | IV30: 115.75% | Cadence: Monthly Only | MktCap: 5.5 B | Signal: Uptrend,marketchameleon,2026-10-09T21:45:55.038789+00:00
CDNA,Caredx,$63.67,+1.47,+2.36%,845856,1148604,0.7364,3.3 B,0.0,29.9062,64.21,61.18,0.9,44.58,60.82,57.58,Uptrend,No,Monthly Only,United States of America,Yes,Momentum Stocks,BULL_PUT_SPREAD,RSI: 64.21 | IV30: 61.18% | Cadence: Monthly Only | MktCap: 3.3 B | Signal: Uptrend,marketchameleon,2026-10-09T21:45:55.038889+00:00
COHU,Cohu,$68.19,-0.18,-0.26%,627847,1155993,0.5431,3.2 B,0.0,0.0,61.48,72.99,0.74,59.26,69.27,68.99,Uptrend,No,Monthly Only,United States of America,Yes,Momentum Stocks,BULL_PUT_SPREAD,RSI: 61.48 | IV30: 72.99% | Cadence: Monthly Only | MktCap: 3.2 B | Signal: Uptrend,marketchameleon,2026-10-09T21:45:55.038996+00:00
PGEN,Precigen,$7.81,+0.21,+2.76%,3191096,5021765,0.6355,2.8 B,0.0,0.0,55.87,72.64,0.39,57.49,68.23,74.23,Uptrend,No,Monthly Only,United States of America,Yes,Momentum Stocks,BULL_PUT_SPREAD,RSI: 55.87 | IV30: 72.64% | Cadence: Monthly Only | MktCap: 2.8 B | Signal: Uptrend,marketchameleon,2026-10-09T21:45:55.039092+00:00
AMC,Amc Entertainment Hldgs,$2.98,+0.10,+3.47%,13570503,36036417,0.3766,2.7 B,0.0,0.0,58.85,86.74,0.5,51.69,72.04,76.96,Uptrend,Yes (CBOE),Weekly,United States of America,Yes,Momentum Stocks,BULL_PUT_SPREAD,RSI: 58.85 | IV30: 86.74% | Cadence: Weekly | MktCap: 2.7 B | Signal: Uptrend,marketchameleon,2026-10-09T21:45:55.039202+00:00
RXRX,Recursion Pharmaceuticals - Class A,$4.36,+0.41,+10.38%,34680604,20461814,1.6949,2.3 B,0.0,0.0,60.46,76.47,0.51,130.05,92.0,77.33,Bullish Crossover,Yes (CBOE),Weekly,United States of America,Yes,Momentum Stocks,BULL_PUT_SPREAD,RSI: 60.46 | IV30: 76.47% | Cadence: Weekly | MktCap: 2.3 B | Signal: Bullish Crossover,marketchameleon,2026-10-09T21:45:55.039306+00:00
PRGO,Perrigo Company PLC,$15.06,+0.56,+3.86%,4209647,3059071,1.3761,2.1 B,7.7,0.0,60.61,43.03,0.38,79.74,48.3,45.54,Uptrend,No,Monthly Only,United States of America,Yes,Momentum Stocks,BULL_PUT_SPREAD,RSI: 60.61 | IV30: 43.03% | Cadence: Monthly Only | MktCap: 2.1 B | Signal: Uptrend,marketchameleon,2026-10-09T21:45:55.039447+00:00
GCT,Gigacloud Technology - Class A,$57.26,+0.84,+1.49%,735688,648880,1.1338,2.0 B,0.0,13.4429,68.35,61.98,0.48,34.77,51.38,59.43,Uptrend,No,Monthly Only,United States of America,Yes,Momentum Stocks,BULL_PUT_SPREAD,RSI: 68.35 | IV30: 61.98% | Cadence: Monthly Only | MktCap: 2.0 B | Signal: Uptrend,marketchameleon,2026-10-09T21:45:55.039570+00:00
AMN,Amn Healthcare Services,$36.52,+1.08,+3.05%,398780,766867,0.52,1.4 B,0.0,13.1747,60.61,54.89,0.19,41.54,33.62,53.7,Uptrend,No,Monthly Only,United States of America,Yes,Momentum Stocks,BULL_PUT_SPREAD,RSI: 60.61 | IV30: 54.89% | Cadence: Monthly Only | MktCap: 1.4 B | Signal: Uptrend,marketchameleon,2026-10-09T21:45:55.039687+00:00
RDVT,Red Violet - Common,$79.78,-0.08,-0.10%,130482,210023,0.6213,1.3 B,0.0,70.1228,60.49,38.36,0.32,31.64,37.72,52.66,Uptrend,No,Monthly Only,United States of America,Yes,Momentum Stocks,COVERED_CALL,RSI: 60.49 | IV30: 38.36% | Cadence: Monthly Only | MktCap: 1.3 B | Signal: Uptrend,marketchameleon,2026-10-09T21:45:55.039801+00:00
QMCO,Quantum,$30.43,+1.25,+4.27%,1104062,1614792,0.6837,1.2 B,0.0,0.0,61.03,105.01,0.17,67.73,108.25,106.53,Uptrend,No,Monthly Only,United States of America,Yes,Momentum Stocks,BULL_PUT_SPREAD,RSI: 61.03 | IV30: 105.01% | Cadence: Monthly Only | MktCap: 1.2 B | Signal: Uptrend,marketchameleon,2026-10-09T21:45:55.039900+00:00
AMPH,Amphastar Pharmaceuticals,$26.62,+0.81,+3.14%,249928,479985,0.5207,1.1 B,0.0,15.284,66.39,42.9,0.73,50.95,42.71,43.24,Bullish Crossover,No,Monthly Only,United States of America,Yes,Momentum Stocks,BULL_PUT_SPREAD,RSI: 66.39 | IV30: 42.9% | Cadence: Monthly Only | MktCap: 1.1 B | Signal: Bullish Crossover,marketchameleon,2026-10-09T21:45:55.039998+00:00
